dataset,split,modality,label,class_name,count
sketchy_104_21,train,sketch,0,table,513
sketchy_104_21,train,sketch,1,teapot,573
sketchy_104_21,train,sketch,2,harp,534
sketchy_104_21,train,sketch,3,wading_bird,471
sketchy_104_21,train,sketch,4,rocket,550
sketchy_104_21,train,sketch,5,chicken,624
sketchy_104_21,train,sketch,6,armor,527
sketchy_104_21,train,sketch,7,ray,468
sketchy_104_21,train,sketch,8,turtle,595
sketchy_104_21,train,sketch,9,bee,601
sketchy_104_21,train,sketch,10,swan,536
sketchy_104_21,train,sketch,11,lizard,584
sketchy_104_21,train,sketch,12,parrot,552
sketchy_104_21,train,sketch,13,tiger,693
sketchy_104_21,train,sketch,14,bicycle,564
sketchy_104_21,train,sketch,15,cannon,489
sketchy_104_21,train,sketch,16,shoe,496
sketchy_104_21,train,sketch,17,eyeglasses,488
sketchy_104_21,train,sketch,18,penguin,487
sketchy_104_21,train,sketch,19,butterfly,562
sketchy_104_21,train,sketch,20,sheep,619
sketchy_104_21,train,sketch,21,pickup_truck,648
sketchy_104_21,train,sketch,22,crab,502
sketchy_104_21,train,sketch,23,rifle,571
sketchy_104_21,train,sketch,24,mushroom,473
sketchy_104_21,train,sketch,25,ant,513
sketchy_104_21,train,sketch,26,alarm_clock,521
sketchy_104_21,train,sketch,27,hammer,581
sketchy_104_21,train,sketch,28,spoon,485
sketchy_104_21,train,sketch,29,umbrella,496
sketchy_104_21,train,sketch,30,pizza,556
sketchy_104_21,train,sketch,31,fish,480
sketchy_104_21,train,sketch,32,frog,558
sketchy_104_21,train,sketch,33,hamburger,474
sketchy_104_21,train,sketch,34,spider,570
sketchy_104_21,train,sketch,35,starfish,469
sketchy_104_21,train,sketch,36,hermit_crab,509
sketchy_104_21,train,sketch,37,candle,488
sketchy_104_21,train,sketch,38,cat,642
sketchy_104_21,train,sketch,39,axe,552
sketchy_104_21,train,sketch,40,couch,602
sketchy_104_21,train,sketch,41,lion,647
sketchy_104_21,train,sketch,42,pretzel,602
sketchy_104_21,train,sketch,43,cup,647
sketchy_104_21,train,sketch,44,elephant,611
sketchy_104_21,train,sketch,45,hedgehog,553
sketchy_104_21,train,sketch,46,teddy_bear,521
sketchy_104_21,train,sketch,47,rabbit,618
sketchy_104_21,train,sketch,48,horse,688
sketchy_104_21,train,sketch,49,hot-air_balloon,569
sketchy_104_21,train,sketch,50,shark,497
sketchy_104_21,train,sketch,51,strawberry,550
sketchy_104_21,train,sketch,52,pistol,502
sketchy_104_21,train,sketch,53,zebra,558
sketchy_104_21,train,sketch,54,jellyfish,485
sketchy_104_21,train,sketch,55,dog,642
sketchy_104_21,train,sketch,56,pineapple,555
sketchy_104_21,train,sketch,57,ape,567
sketchy_104_21,train,sketch,58,saxophone,513
sketchy_104_21,train,sketch,59,volcano,504
sketchy_104_21,train,sketch,60,bell,536
sketchy_104_21,train,sketch,61,bear,672
sketchy_104_21,train,sketch,62,chair,619
sketchy_104_21,train,sketch,63,jack-o-lantern,476
sketchy_104_21,train,sketch,64,owl,607
sketchy_104_21,train,sketch,65,trumpet,496
sketchy_104_21,train,sketch,66,car_(sedan),592
sketchy_104_21,train,sketch,67,banana,585
sketchy_104_21,train,sketch,68,geyser,508
sketchy_104_21,train,sketch,69,church,539
sketchy_104_21,train,sketch,70,violin,504
sketchy_104_21,train,sketch,71,deer,518
sketchy_104_21,train,sketch,72,scorpion,593
sketchy_104_21,train,sketch,73,seal,515
sketchy_104_21,train,sketch,74,racket,499
sketchy_104_21,train,sketch,75,camel,640
sketchy_104_21,train,sketch,76,fan,479
sketchy_104_21,train,sketch,77,pig,626
sketchy_104_21,train,sketch,78,tank,556
sketchy_104_21,train,sketch,79,flower,468
sketchy_104_21,train,sketch,80,sailboat,609
sketchy_104_21,train,sketch,81,castle,558
sketchy_104_21,train,sketch,82,duck,674
sketchy_104_21,train,sketch,83,snake,579
sketchy_104_21,train,sketch,84,kangaroo,675
sketchy_104_21,train,sketch,85,guitar,478
sketchy_104_21,train,sketch,86,piano,567
sketchy_104_21,train,sketch,87,bench,533
sketchy_104_21,train,sketch,88,squirrel,638
sketchy_104_21,train,sketch,89,crocodilian,547
sketchy_104_21,train,sketch,90,apple,501
sketchy_104_21,train,sketch,91,hourglass,484
sketchy_104_21,train,sketch,92,motorcycle,593
sketchy_104_21,train,sketch,93,hat,479
sketchy_104_21,train,sketch,94,knife,574
sketchy_104_21,train,sketch,95,bread,513
sketchy_104_21,train,sketch,96,wine_bottle,553
sketchy_104_21,train,sketch,97,blimp,617
sketchy_104_21,train,sketch,98,hotdog,584
sketchy_104_21,train,sketch,99,airplane,659
sketchy_104_21,train,sketch,100,snail,590
sketchy_104_21,train,sketch,101,beetle,499
sketchy_104_21,train,sketch,102,lobster,494
sketchy_104_21,train,sketch,103,sea_turtle,516
sketchy_104_21,train,photo,0,table,700
sketchy_104_21,train,photo,1,teapot,700
sketchy_104_21,train,photo,2,harp,700
sketchy_104_21,train,photo,3,wading_bird,700
sketchy_104_21,train,photo,4,rocket,700
sketchy_104_21,train,photo,5,chicken,700
sketchy_104_21,train,photo,6,armor,700
sketchy_104_21,train,photo,7,ray,700
sketchy_104_21,train,photo,8,turtle,700
sketchy_104_21,train,photo,9,bee,700
sketchy_104_21,train,photo,10,swan,700
sketchy_104_21,train,photo,11,lizard,700
sketchy_104_21,train,photo,12,parrot,700
sketchy_104_21,train,photo,13,tiger,700
sketchy_104_21,train,photo,14,bicycle,700
sketchy_104_21,train,photo,15,cannon,700
sketchy_104_21,train,photo,16,shoe,699
sketchy_104_21,train,photo,17,eyeglasses,700
sketchy_104_21,train,photo,18,penguin,700
sketchy_104_21,train,photo,19,butterfly,700
sketchy_104_21,train,photo,20,sheep,700
sketchy_104_21,train,photo,21,pickup_truck,700
sketchy_104_21,train,photo,22,crab,700
sketchy_104_21,train,photo,23,rifle,700
sketchy_104_21,train,photo,24,mushroom,700
sketchy_104_21,train,photo,25,ant,700
sketchy_104_21,train,photo,26,alarm_clock,700
sketchy_104_21,train,photo,27,hammer,700
sketchy_104_21,train,photo,28,spoon,700
sketchy_104_21,train,photo,29,umbrella,700
sketchy_104_21,train,photo,30,pizza,700
sketchy_104_21,train,photo,31,fish,700
sketchy_104_21,train,photo,32,frog,700
sketchy_104_21,train,photo,33,hamburger,700
sketchy_104_21,train,photo,34,spider,700
sketchy_104_21,train,photo,35,starfish,700
sketchy_104_21,train,photo,36,hermit_crab,700
sketchy_104_21,train,photo,37,candle,700
sketchy_104_21,train,photo,38,cat,700
sketchy_104_21,train,photo,39,axe,700
sketchy_104_21,train,photo,40,couch,700
sketchy_104_21,train,photo,41,lion,700
sketchy_104_21,train,photo,42,pretzel,700
sketchy_104_21,train,photo,43,cup,700
sketchy_104_21,train,photo,44,elephant,700
sketchy_104_21,train,photo,45,hedgehog,700
sketchy_104_21,train,photo,46,teddy_bear,700
sketchy_104_21,train,photo,47,rabbit,700
sketchy_104_21,train,photo,48,horse,796
sketchy_104_21,train,photo,49,hot-air_balloon,700
sketchy_104_21,train,photo,50,shark,700
sketchy_104_21,train,photo,51,strawberry,700
sketchy_104_21,train,photo,52,pistol,700
sketchy_104_21,train,photo,53,zebra,700
sketchy_104_21,train,photo,54,jellyfish,700
sketchy_104_21,train,photo,55,dog,700
sketchy_104_21,train,photo,56,pineapple,700
sketchy_104_21,train,photo,57,ape,700
sketchy_104_21,train,photo,58,saxophone,700
sketchy_104_21,train,photo,59,volcano,700
sketchy_104_21,train,photo,60,bell,700
sketchy_104_21,train,photo,61,bear,700
sketchy_104_21,train,photo,62,chair,700
sketchy_104_21,train,photo,63,jack-o-lantern,700
sketchy_104_21,train,photo,64,owl,700
sketchy_104_21,train,photo,65,trumpet,700
sketchy_104_21,train,photo,66,car_(sedan),700
sketchy_104_21,train,photo,67,banana,700
sketchy_104_21,train,photo,68,geyser,700
sketchy_104_21,train,photo,69,church,700
sketchy_104_21,train,photo,70,violin,700
sketchy_104_21,train,photo,71,deer,800
sketchy_104_21,train,photo,72,scorpion,700
sketchy_104_21,train,photo,73,seal,554
sketchy_104_21,train,photo,74,racket,700
sketchy_104_21,train,photo,75,camel,700
sketchy_104_21,train,photo,76,fan,700
sketchy_104_21,train,photo,77,pig,700
sketchy_104_21,train,photo,78,tank,700
sketchy_104_21,train,photo,79,flower,700
sketchy_104_21,train,photo,80,sailboat,700
sketchy_104_21,train,photo,81,castle,700
sketchy_104_21,train,photo,82,duck,700
sketchy_104_21,train,photo,83,snake,700
sketchy_104_21,train,photo,84,kangaroo,700
sketchy_104_21,train,photo,85,guitar,700
sketchy_104_21,train,photo,86,piano,700
sketchy_104_21,train,photo,87,bench,700
sketchy_104_21,train,photo,88,squirrel,700
sketchy_104_21,train,photo,89,crocodilian,700
sketchy_104_21,train,photo,90,apple,700
sketchy_104_21,train,photo,91,hourglass,700
sketchy_104_21,train,photo,92,motorcycle,700
sketchy_104_21,train,photo,93,hat,700
sketchy_104_21,train,photo,94,knife,700
sketchy_104_21,train,photo,95,bread,700
sketchy_104_21,train,photo,96,wine_bottle,700
sketchy_104_21,train,photo,97,blimp,700
sketchy_104_21,train,photo,98,hotdog,700
sketchy_104_21,train,photo,99,airplane,700
sketchy_104_21,train,photo,100,snail,700
sketchy_104_21,train,photo,101,beetle,700
sketchy_104_21,train,photo,102,lobster,800
sketchy_104_21,train,photo,103,sea_turtle,700
sketchy_104_21,test,sketch,0,bat,635
sketchy_104_21,test,sketch,1,cabin,546
sketchy_104_21,test,sketch,2,cow,728
sketchy_104_21,test,sketch,3,dolphin,590
sketchy_104_21,test,sketch,4,door,578
sketchy_104_21,test,sketch,5,giraffe,673
sketchy_104_21,test,sketch,6,helicopter,746
sketchy_104_21,test,sketch,7,mouse,670
sketchy_104_21,test,sketch,8,pear,575
sketchy_104_21,test,sketch,9,raccoon,735
sketchy_104_21,test,sketch,10,rhinoceros,556
sketchy_104_21,test,sketch,11,saw,532
sketchy_104_21,test,sketch,12,scissors,558
sketchy_104_21,test,sketch,13,seagull,666
sketchy_104_21,test,sketch,14,skyscraper,545
sketchy_104_21,test,sketch,15,songbird,529
sketchy_104_21,test,sketch,16,sword,605
sketchy_104_21,test,sketch,17,tree,533
sketchy_104_21,test,sketch,18,wheelchair,542
sketchy_104_21,test,sketch,19,windmill,598
sketchy_104_21,test,sketch,20,window,554
sketchy_104_21,test,photo,0,bat,543
sketchy_104_21,test,photo,1,cabin,492
sketchy_104_21,test,photo,2,cow,700
sketchy_104_21,test,photo,3,dolphin,713
sketchy_104_21,test,photo,4,door,700
sketchy_104_21,test,photo,5,giraffe,700
sketchy_104_21,test,photo,6,helicopter,850
sketchy_104_21,test,photo,7,mouse,445
sketchy_104_21,test,photo,8,pear,485
sketchy_104_21,test,photo,9,raccoon,700
sketchy_104_21,test,photo,10,rhinoceros,763
sketchy_104_21,test,photo,11,saw,700
sketchy_104_21,test,photo,12,scissors,739
sketchy_104_21,test,photo,13,seagull,700
sketchy_104_21,test,photo,14,skyscraper,261
sketchy_104_21,test,photo,15,songbird,700
sketchy_104_21,test,photo,16,sword,376
sketchy_104_21,test,photo,17,tree,595
sketchy_104_21,test,photo,18,wheelchair,378
sketchy_104_21,test,photo,19,windmill,493
sketchy_104_21,test,photo,20,window,520
tuberlin_220_30,train,sketch,0,wrist-watch,70
tuberlin_220_30,train,sketch,1,pig,70
tuberlin_220_30,train,sketch,2,alarm clock,70
tuberlin_220_30,train,sketch,3,chair,70
tuberlin_220_30,train,sketch,4,tablelamp,70
tuberlin_220_30,train,sketch,5,nose,70
tuberlin_220_30,train,sketch,6,trousers,70
tuberlin_220_30,train,sketch,7,boomerang,70
tuberlin_220_30,train,sketch,8,van,70
tuberlin_220_30,train,sketch,9,sponge bob,70
tuberlin_220_30,train,sketch,10,mouse (animal),70
tuberlin_220_30,train,sketch,11,book,70
tuberlin_220_30,train,sketch,12,angel,70
tuberlin_220_30,train,sketch,13,donut,70
tuberlin_220_30,train,sketch,14,tire,70
tuberlin_220_30,train,sketch,15,helicopter,70
tuberlin_220_30,train,sketch,16,tomato,70
tuberlin_220_30,train,sketch,17,skateboard,70
tuberlin_220_30,train,sketch,18,cup,70
tuberlin_220_30,train,sketch,19,dragon,70
tuberlin_220_30,train,sketch,20,feather,70
tuberlin_220_30,train,sketch,21,piano,70
tuberlin_220_30,train,sketch,22,present,70
tuberlin_220_30,train,sketch,23,flying saucer,70
tuberlin_220_30,train,sketch,24,swan,70
tuberlin_220_30,train,sketch,25,microphone,70
tuberlin_220_30,train,sketch,26,bed,70
tuberlin_220_30,train,sketch,27,calculator,70
tuberlin_220_30,train,sketch,28,harp,70
tuberlin_220_30,train,sketch,29,tent,70
tuberlin_220_30,train,sketch,30,truck,70
tuberlin_220_30,train,sketch,31,radio,70
tuberlin_220_30,train,sketch,32,squirrel,70
tuberlin_220_30,train,sketch,33,teddy-bear,70
tuberlin_220_30,train,sketch,34,axe,70
tuberlin_220_30,train,sketch,35,scorpion,70
tuberlin_220_30,train,sketch,36,snail,70
tuberlin_220_30,train,sketch,37,house,70
tuberlin_220_30,train,sketch,38,cloud,70
tuberlin_220_30,train,sketch,39,chandelier,70
tuberlin_220_30,train,sketch,40,cactus,70
tuberlin_220_30,train,sketch,41,sheep,70
tuberlin_220_30,train,sketch,42,tv,70
tuberlin_220_30,train,sketch,43,fork,70
tuberlin_220_30,train,sketch,44,revolver,70
tuberlin_220_30,train,sketch,45,hamburger,70
tuberlin_220_30,train,sketch,46,pear,70
tuberlin_220_30,train,sketch,47,trumpet,70
tuberlin_220_30,train,sketch,48,pineapple,70
tuberlin_220_30,train,sketch,49,bear (animal),70
tuberlin_220_30,train,sketch,50,sun,70
tuberlin_220_30,train,sketch,51,comb,70
tuberlin_220_30,train,sketch,52,purse,70
tuberlin_220_30,train,sketch,53,rabbit,70
tuberlin_220_30,train,sketch,54,submarine,70
tuberlin_220_30,train,sketch,55,floor lamp,70
tuberlin_220_30,train,sketch,56,computer-mouse,70
tuberlin_220_30,train,sketch,57,ship,70
tuberlin_220_30,train,sketch,58,seagull,70
tuberlin_220_30,train,sketch,59,frog,70
tuberlin_220_30,train,sketch,60,cigarette,70
tuberlin_220_30,train,sketch,61,panda,70
tuberlin_220_30,train,sketch,62,eye,70
tuberlin_220_30,train,sketch,63,cannon,70
tuberlin_220_30,train,sketch,64,standing bird,70
tuberlin_220_30,train,sketch,65,camera,70
tuberlin_220_30,train,sketch,66,rifle,70
tuberlin_220_30,train,sketch,67,potted plant,70
tuberlin_220_30,train,sketch,68,sea turtle,70
tuberlin_220_30,train,sketch,69,hat,70
tuberlin_220_30,train,sketch,70,cat,70
tuberlin_220_30,train,sketch,71,keyboard,70
tuberlin_220_30,train,sketch,72,mug,70
tuberlin_220_30,train,sketch,73,syringe,70
tuberlin_220_30,train,sketch,74,castle,70
tuberlin_220_30,train,sketch,75,hammer,70
tuberlin_220_30,train,sketch,76,palm tree,70
tuberlin_220_30,train,sketch,77,bicycle,70
tuberlin_220_30,train,sketch,78,bush,70
tuberlin_220_30,train,sketch,79,helmet,70
tuberlin_220_30,train,sketch,80,human-skeleton,70
tuberlin_220_30,train,sketch,81,sailboat,70
tuberlin_220_30,train,sketch,82,key,70
tuberlin_220_30,train,sketch,83,saxophone,70
tuberlin_220_30,train,sketch,84,pen,70
tuberlin_220_30,train,sketch,85,scissors,70
tuberlin_220_30,train,sketch,86,monkey,70
tuberlin_220_30,train,sketch,87,hot-dog,70
tuberlin_220_30,train,sketch,88,parking meter,70
tuberlin_220_30,train,sketch,89,parrot,70
tuberlin_220_30,train,sketch,90,door handle,70
tuberlin_220_30,train,sketch,91,grenade,70
tuberlin_220_30,train,sketch,92,snowman,70
tuberlin_220_30,train,sketch,93,ear,70
tuberlin_220_30,train,sketch,94,vase,70
tuberlin_220_30,train,sketch,95,suv,70
tuberlin_220_30,train,sketch,96,apple,70
tuberlin_220_30,train,sketch,97,bathtub,70
tuberlin_220_30,train,sketch,98,megaphone,70
tuberlin_220_30,train,sketch,99,flying bird,70
tuberlin_220_30,train,sketch,100,leaf,70
tuberlin_220_30,train,sketch,101,backpack,70
tuberlin_220_30,train,sketch,102,wheel,70
tuberlin_220_30,train,sketch,103,cow,70
tuberlin_220_30,train,sketch,104,mosquito,70
tuberlin_220_30,train,sketch,105,ipod,70
tuberlin_220_30,train,sketch,106,santa claus,70
tuberlin_220_30,train,sketch,107,shovel,70
tuberlin_220_30,train,sketch,108,person walking,70
tuberlin_220_30,train,sketch,109,sword,70
tuberlin_220_30,train,sketch,110,walkie talkie,70
tuberlin_220_30,train,sketch,111,elephant,70
tuberlin_220_30,train,sketch,112,socks,70
tuberlin_220_30,train,sketch,113,couch,70
tuberlin_220_30,train,sketch,114,screwdriver,70
tuberlin_220_30,train,sketch,115,race car,70
tuberlin_220_30,train,sketch,116,person sitting,70
tuberlin_220_30,train,sketch,117,bee,70
tuberlin_220_30,train,sketch,118,skyscraper,70
tuberlin_220_30,train,sketch,119,traffic light,70
tuberlin_220_30,train,sketch,120,pretzel,70
tuberlin_220_30,train,sketch,121,pickup truck,70
tuberlin_220_30,train,sketch,122,beer-mug,70
tuberlin_220_30,train,sketch,123,door,70
tuberlin_220_30,train,sketch,124,guitar,70
tuberlin_220_30,train,sketch,125,baseball bat,70
tuberlin_220_30,train,sketch,126,paper clip,70
tuberlin_220_30,train,sketch,127,pumpkin,70
tuberlin_220_30,train,sketch,128,mouth,70
tuberlin_220_30,train,sketch,129,hand,70
tuberlin_220_30,train,sketch,130,tennis-racket,70
tuberlin_220_30,train,sketch,131,car (sedan),70
tuberlin_220_30,train,sketch,132,cell phone,70
tuberlin_220_30,train,sketch,133,crab,70
tuberlin_220_30,train,sketch,134,zebra,70
tuberlin_220_30,train,sketch,135,motorbike,70
tuberlin_220_30,train,sketch,136,pipe (for smoking),70
tuberlin_220_30,train,sketch,137,owl,70
tuberlin_220_30,train,sketch,138,armchair,70
tuberlin_220_30,train,sketch,139,tree,70
tuberlin_220_30,train,sketch,140,loudspeaker,70
tuberlin_220_30,train,sketch,141,octopus,70
tuberlin_220_30,train,sketch,142,bulldozer,70
tuberlin_220_30,train,sketch,143,giraffe,70
tuberlin_220_30,train,sketch,144,kangaroo,70
tuberlin_220_30,train,sketch,145,mailbox,70
tuberlin_220_30,train,sketch,146,cake,70
tuberlin_220_30,train,sketch,147,satellite,70
tuberlin_220_30,train,sketch,148,head-phones,70
tuberlin_220_30,train,sketch,149,head,70
tuberlin_220_30,train,sketch,150,wine-bottle,70
tuberlin_220_30,train,sketch,151,crane (machine),70
tuberlin_220_30,train,sketch,152,shark,70
tuberlin_220_30,train,sketch,153,grapes,70
tuberlin_220_30,train,sketch,154,rainbow,70
tuberlin_220_30,train,sketch,155,mermaid,70
tuberlin_220_30,train,sketch,156,bookshelf,70
tuberlin_220_30,train,sketch,157,knife,70
tuberlin_220_30,train,sketch,158,hedgehog,70
tuberlin_220_30,train,sketch,159,fire hydrant,70
tuberlin_220_30,train,sketch,160,barn,70
tuberlin_220_30,train,sketch,161,face,70
tuberlin_220_30,train,sketch,162,bowl,70
tuberlin_220_30,train,sketch,163,eyeglasses,70
tuberlin_220_30,train,sketch,164,carrot,70
tuberlin_220_30,train,sketch,165,moon,70
tuberlin_220_30,train,sketch,166,spider,70
tuberlin_220_30,train,sketch,167,binoculars,70
tuberlin_220_30,train,sketch,168,crocodile,70
tuberlin_220_30,train,sketch,169,airplane,70
tuberlin_220_30,train,sketch,170,ladder,70
tuberlin_220_30,train,sketch,171,toothbrush,70
tuberlin_220_30,train,sketch,172,toilet,70
tuberlin_220_30,train,sketch,173,bench,70
tuberlin_220_30,train,sketch,174,power outlet,70
tuberlin_220_30,train,sketch,175,tooth,70
tuberlin_220_30,train,sketch,176,teapot,70
tuberlin_220_30,train,sketch,177,arm,70
tuberlin_220_30,train,sketch,178,lightbulb,70
tuberlin_220_30,train,sketch,179,umbrella,70
tuberlin_220_30,train,sketch,180,snake,70
tuberlin_220_30,train,sketch,181,speed-boat,70
tuberlin_220_30,train,sketch,182,hourglass,70
tuberlin_220_30,train,sketch,183,dog,70
tuberlin_220_30,train,sketch,184,fish,70
tuberlin_220_30,train,sketch,185,flashlight,70
tuberlin_220_30,train,sketch,186,ice-cream-cone,70
tuberlin_220_30,train,sketch,187,butterfly,70
tuberlin_220_30,train,sketch,188,wheelbarrow,70
tuberlin_220_30,train,sketch,189,skull,70
tuberlin_220_30,train,sketch,190,dolphin,70
tuberlin_220_30,train,sketch,191,mushroom,70
tuberlin_220_30,train,sketch,192,blimp,70
tuberlin_220_30,train,sketch,193,basket,70
tuberlin_220_30,train,sketch,194,violin,70
tuberlin_220_30,train,sketch,195,microscope,70
tuberlin_220_30,train,sketch,196,train,70
tuberlin_220_30,train,sketch,197,stapler,70
tuberlin_220_30,train,sketch,198,flower with stem,70
tuberlin_220_30,train,sketch,199,envelope,70
tuberlin_220_30,train,sketch,200,camel,70
tuberlin_220_30,train,sketch,201,diamond,70
tuberlin_220_30,train,sketch,202,wineglass,70
tuberlin_220_30,train,sketch,203,cabinet,70
tuberlin_220_30,train,sketch,204,foot,70
tuberlin_220_30,train,sketch,205,spoon,70
tuberlin_220_30,train,sketch,206,tiger,70
tuberlin_220_30,train,sketch,207,bell,70
tuberlin_220_30,train,sketch,208,candle,70
tuberlin_220_30,train,sketch,209,duck,70
tuberlin_220_30,train,sketch,210,satellite dish,70
tuberlin_220_30,train,sketch,211,crown,70
tuberlin_220_30,train,sketch,212,strawberry,70
tuberlin_220_30,train,sketch,213,rooster,70
tuberlin_220_30,train,sketch,214,lion,70
tuberlin_220_30,train,sketch,215,computer monitor,70
tuberlin_220_30,train,sketch,216,lobster,70
tuberlin_220_30,train,sketch,217,pigeon,70
tuberlin_220_30,train,sketch,218,church,70
tuberlin_220_30,train,sketch,219,ashtray,70
tuberlin_220_30,train,photo,0,wrist-watch,1011
tuberlin_220_30,train,photo,1,pig,584
tuberlin_220_30,train,photo,2,alarm clock,1336
tuberlin_220_30,train,photo,3,chair,186
tuberlin_220_30,train,photo,4,tablelamp,1477
tuberlin_220_30,train,photo,5,nose,148
tuberlin_220_30,train,photo,6,trousers,1048
tuberlin_220_30,train,photo,7,boomerang,385
tuberlin_220_30,train,photo,8,van,496
tuberlin_220_30,train,photo,9,sponge bob,132
tuberlin_220_30,train,photo,10,mouse (animal),868
tuberlin_220_30,train,photo,11,book,1293
tuberlin_220_30,train,photo,12,angel,84
tuberlin_220_30,train,photo,13,donut,1229
tuberlin_220_30,train,photo,14,tire,1688
tuberlin_220_30,train,photo,15,helicopter,1174
tuberlin_220_30,train,photo,16,tomato,1097
tuberlin_220_30,train,photo,17,skateboard,1121
tuberlin_220_30,train,photo,18,cup,372
tuberlin_220_30,train,photo,19,dragon,522
tuberlin_220_30,train,photo,20,feather,116
tuberlin_220_30,train,photo,21,piano,364
tuberlin_220_30,train,photo,22,present,358
tuberlin_220_30,train,photo,23,flying saucer,148
tuberlin_220_30,train,photo,24,swan,444
tuberlin_220_30,train,photo,25,microphone,515
tuberlin_220_30,train,photo,26,bed,395
tuberlin_220_30,train,photo,27,calculator,2411
tuberlin_220_30,train,photo,28,harp,456
tuberlin_220_30,train,photo,29,tent,993
tuberlin_220_30,train,photo,30,truck,2520
tuberlin_220_30,train,photo,31,radio,1154
tuberlin_220_30,train,photo,32,squirrel,4
tuberlin_220_30,train,photo,33,teddy-bear,252
tuberlin_220_30,train,photo,34,axe,1082
tuberlin_220_30,train,photo,35,scorpion,569
tuberlin_220_30,train,photo,36,snail,585
tuberlin_220_30,train,photo,37,house,1159
tuberlin_220_30,train,photo,38,cloud,1386
tuberlin_220_30,train,photo,39,chandelier,1185
tuberlin_220_30,train,photo,40,cactus,312
tuberlin_220_30,train,photo,41,sheep,111
tuberlin_220_30,train,photo,42,tv,1057
tuberlin_220_30,train,photo,43,fork,13
tuberlin_220_30,train,photo,44,revolver,1012
tuberlin_220_30,train,photo,45,hamburger,42
tuberlin_220_30,train,photo,46,pear,1173
tuberlin_220_30,train,photo,47,trumpet,383
tuberlin_220_30,train,photo,48,pineapple,489
tuberlin_220_30,train,photo,49,bear (animal),338
tuberlin_220_30,train,photo,50,sun,1448
tuberlin_220_30,train,photo,51,comb,205
tuberlin_220_30,train,photo,52,purse,502
tuberlin_220_30,train,photo,53,rabbit,353
tuberlin_220_30,train,photo,54,submarine,486
tuberlin_220_30,train,photo,55,floor lamp,1291
tuberlin_220_30,train,photo,56,computer-mouse,1073
tuberlin_220_30,train,photo,57,ship,450
tuberlin_220_30,train,photo,58,seagull,1124
tuberlin_220_30,train,photo,59,frog,160
tuberlin_220_30,train,photo,60,cigarette,175
tuberlin_220_30,train,photo,61,panda,491
tuberlin_220_30,train,photo,62,eye,268
tuberlin_220_30,train,photo,63,cannon,1071
tuberlin_220_30,train,photo,64,standing bird,899
tuberlin_220_30,train,photo,65,camera,1053
tuberlin_220_30,train,photo,66,rifle,987
tuberlin_220_30,train,photo,67,potted plant,150
tuberlin_220_30,train,photo,68,sea turtle,1356
tuberlin_220_30,train,photo,69,hat,500
tuberlin_220_30,train,photo,70,cat,449
tuberlin_220_30,train,photo,71,keyboard,429
tuberlin_220_30,train,photo,72,mug,407
tuberlin_220_30,train,photo,73,syringe,514
tuberlin_220_30,train,photo,74,castle,1221
tuberlin_220_30,train,photo,75,hammer,401
tuberlin_220_30,train,photo,76,palm tree,1468
tuberlin_220_30,train,photo,77,bicycle,168
tuberlin_220_30,train,photo,78,bush,1069
tuberlin_220_30,train,photo,79,helmet,423
tuberlin_220_30,train,photo,80,human-skeleton,150
tuberlin_220_30,train,photo,81,sailboat,980
tuberlin_220_30,train,photo,82,key,1051
tuberlin_220_30,train,photo,83,saxophone,432
tuberlin_220_30,train,photo,84,pen,1160
tuberlin_220_30,train,photo,85,scissors,1167
tuberlin_220_30,train,photo,86,monkey,647
tuberlin_220_30,train,photo,87,hot-dog,1140
tuberlin_220_30,train,photo,88,parking meter,1147
tuberlin_220_30,train,photo,89,parrot,1041
tuberlin_220_30,train,photo,90,door handle,183
tuberlin_220_30,train,photo,91,grenade,485
tuberlin_220_30,train,photo,92,snowman,243
tuberlin_220_30,train,photo,93,ear,178
tuberlin_220_30,train,photo,94,vase,1065
tuberlin_220_30,train,photo,95,suv,1824
tuberlin_220_30,train,photo,96,apple,278
tuberlin_220_30,train,photo,97,bathtub,834
tuberlin_220_30,train,photo,98,megaphone,1238
tuberlin_220_30,train,photo,99,flying bird,715
tuberlin_220_30,train,photo,100,leaf,291
tuberlin_220_30,train,photo,101,backpack,1145
tuberlin_220_30,train,photo,102,wheel,1391
tuberlin_220_30,train,photo,103,cow,1168
tuberlin_220_30,train,photo,104,mosquito,1090
tuberlin_220_30,train,photo,105,ipod,1027
tuberlin_220_30,train,photo,106,santa claus,279
tuberlin_220_30,train,photo,107,shovel,1022
tuberlin_220_30,train,photo,108,person walking,413
tuberlin_220_30,train,photo,109,sword,1259
tuberlin_220_30,train,photo,110,walkie talkie,642
tuberlin_220_30,train,photo,111,elephant,277
tuberlin_220_30,train,photo,112,socks,1186
tuberlin_220_30,train,photo,113,couch,400
tuberlin_220_30,train,photo,114,screwdriver,380
tuberlin_220_30,train,photo,115,race car,1305
tuberlin_220_30,train,photo,116,person sitting,190
tuberlin_220_30,train,photo,117,bee,547
tuberlin_220_30,train,photo,118,skyscraper,1360
tuberlin_220_30,train,photo,119,traffic light,1066
tuberlin_220_30,train,photo,120,pretzel,429
tuberlin_220_30,train,photo,121,pickup truck,1418
tuberlin_220_30,train,photo,122,beer-mug,1177
tuberlin_220_30,train,photo,123,door,1215
tuberlin_220_30,train,photo,124,guitar,175
tuberlin_220_30,train,photo,125,baseball bat,1030
tuberlin_220_30,train,photo,126,paper clip,960
tuberlin_220_30,train,photo,127,pumpkin,1254
tuberlin_220_30,train,photo,128,mouth,195
tuberlin_220_30,train,photo,129,hand,300
tuberlin_220_30,train,photo,130,tennis-racket,939
tuberlin_220_30,train,photo,131,car (sedan),729
tuberlin_220_30,train,photo,132,cell phone,924
tuberlin_220_30,train,photo,133,crab,1183
tuberlin_220_30,train,photo,134,zebra,394
tuberlin_220_30,train,photo,135,motorbike,1186
tuberlin_220_30,train,photo,136,pipe (for smoking),587
tuberlin_220_30,train,photo,137,owl,513
tuberlin_220_30,train,photo,138,armchair,1322
tuberlin_220_30,train,photo,139,tree,1161
tuberlin_220_30,train,photo,140,loudspeaker,1219
tuberlin_220_30,train,photo,141,octopus,949
tuberlin_220_30,train,photo,142,bulldozer,1293
tuberlin_220_30,train,photo,143,giraffe,1147
tuberlin_220_30,train,photo,144,kangaroo,1245
tuberlin_220_30,train,photo,145,mailbox,1238
tuberlin_220_30,train,photo,146,cake,1030
tuberlin_220_30,train,photo,147,satellite,896
tuberlin_220_30,train,photo,148,head-phones,1941
tuberlin_220_30,train,photo,149,head,988
tuberlin_220_30,train,photo,150,wine-bottle,429
tuberlin_220_30,train,photo,151,crane (machine),1589
tuberlin_220_30,train,photo,152,shark,1107
tuberlin_220_30,train,photo,153,grapes,945
tuberlin_220_30,train,photo,154,rainbow,1514
tuberlin_220_30,train,photo,155,mermaid,180
tuberlin_220_30,train,photo,156,bookshelf,426
tuberlin_220_30,train,photo,157,knife,919
tuberlin_220_30,train,photo,158,hedgehog,1215
tuberlin_220_30,train,photo,159,fire hydrant,168
tuberlin_220_30,train,photo,160,barn,1201
tuberlin_220_30,train,photo,161,face,204
tuberlin_220_30,train,photo,162,bowl,101
tuberlin_220_30,train,photo,163,eyeglasses,1045
tuberlin_220_30,train,photo,164,carrot,884
tuberlin_220_30,train,photo,165,moon,209
tuberlin_220_30,train,photo,166,spider,1192
tuberlin_220_30,train,photo,167,binoculars,1260
tuberlin_220_30,train,photo,168,crocodile,1298
tuberlin_220_30,train,photo,169,airplane,354
tuberlin_220_30,train,photo,170,ladder,167
tuberlin_220_30,train,photo,171,toothbrush,722
tuberlin_220_30,train,photo,172,toilet,967
tuberlin_220_30,train,photo,173,bench,100
tuberlin_220_30,train,photo,174,power outlet,84
tuberlin_220_30,train,photo,175,tooth,164
tuberlin_220_30,train,photo,176,teapot,1174
tuberlin_220_30,train,photo,177,arm,1484
tuberlin_220_30,train,photo,178,lightbulb,1409
tuberlin_220_30,train,photo,179,umbrella,930
tuberlin_220_30,train,photo,180,snake,231
tuberlin_220_30,train,photo,181,speed-boat,997
tuberlin_220_30,train,photo,182,hourglass,1231
tuberlin_220_30,train,photo,183,dog,576
tuberlin_220_30,train,photo,184,fish,1244
tuberlin_220_30,train,photo,185,flashlight,1569
tuberlin_220_30,train,photo,186,ice-cream-cone,1073
tuberlin_220_30,train,photo,187,butterfly,203
tuberlin_220_30,train,photo,188,wheelbarrow,1016
tuberlin_220_30,train,photo,189,skull,128
tuberlin_220_30,train,photo,190,dolphin,1292
tuberlin_220_30,train,photo,191,mushroom,621
tuberlin_220_30,train,photo,192,blimp,950
tuberlin_220_30,train,photo,193,basket,1053
tuberlin_220_30,train,photo,194,violin,400
tuberlin_220_30,train,photo,195,microscope,1103
tuberlin_220_30,train,photo,196,train,416
tuberlin_220_30,train,photo,197,stapler,1357
tuberlin_220_30,train,photo,198,flower with stem,485
tuberlin_220_30,train,photo,199,envelope,1247
tuberlin_220_30,train,photo,200,camel,180
tuberlin_220_30,train,photo,201,diamond,158
tuberlin_220_30,train,photo,202,wineglass,965
tuberlin_220_30,train,photo,203,cabinet,400
tuberlin_220_30,train,photo,204,foot,93
tuberlin_220_30,train,photo,205,spoon,1255
tuberlin_220_30,train,photo,206,tiger,477
tuberlin_220_30,train,photo,207,bell,536
tuberlin_220_30,train,photo,208,candle,1217
tuberlin_220_30,train,photo,209,duck,1597
tuberlin_220_30,train,photo,210,satellite dish,628
tuberlin_220_30,train,photo,211,crown,867
tuberlin_220_30,train,photo,212,strawberry,426
tuberlin_220_30,train,photo,213,rooster,1462
tuberlin_220_30,train,photo,214,lion,574
tuberlin_220_30,train,photo,215,computer monitor,1437
tuberlin_220_30,train,photo,216,lobster,386
tuberlin_220_30,train,photo,217,pigeon,1132
tuberlin_220_30,train,photo,218,church,1257
tuberlin_220_30,train,photo,219,ashtray,1100
tuberlin_220_30,test,sketch,0,banana,80
tuberlin_220_30,test,sketch,1,bus,80
tuberlin_220_30,test,sketch,2,tractor,80
tuberlin_220_30,test,sketch,3,suitcase,80
tuberlin_220_30,test,sketch,4,streetlight,80
tuberlin_220_30,test,sketch,5,telephone,80
tuberlin_220_30,test,sketch,6,bottle opener,80
tuberlin_220_30,test,sketch,7,canoe,80
tuberlin_220_30,test,sketch,8,fan,80
tuberlin_220_30,test,sketch,9,teacup,80
tuberlin_220_30,test,sketch,10,penguin,80
tuberlin_220_30,test,sketch,11,laptop,80
tuberlin_220_30,test,sketch,12,shoe,80
tuberlin_220_30,test,sketch,13,lighter,80
tuberlin_220_30,test,sketch,14,hot air balloon,80
tuberlin_220_30,test,sketch,15,pizza,80
tuberlin_220_30,test,sketch,16,brain,80
tuberlin_220_30,test,sketch,17,ant,80
tuberlin_220_30,test,sketch,18,t-shirt,80
tuberlin_220_30,test,sketch,19,trombone,80
tuberlin_220_30,test,sketch,20,windmill,80
tuberlin_220_30,test,sketch,21,snowboard,80
tuberlin_220_30,test,sketch,22,table,80
tuberlin_220_30,test,sketch,23,rollerblades,80
tuberlin_220_30,test,sketch,24,parachute,80
tuberlin_220_30,test,sketch,25,space shuttle,80
tuberlin_220_30,test,sketch,26,bridge,80
tuberlin_220_30,test,sketch,27,frying-pan,80
tuberlin_220_30,test,sketch,28,bread,80
tuberlin_220_30,test,sketch,29,horse,80
tuberlin_220_30,test,photo,0,banana,1194
tuberlin_220_30,test,photo,1,bus,437
tuberlin_220_30,test,photo,2,tractor,1102
tuberlin_220_30,test,photo,3,suitcase,682
tuberlin_220_30,test,photo,4,streetlight,1223
tuberlin_220_30,test,photo,5,telephone,1095
tuberlin_220_30,test,photo,6,bottle opener,993
tuberlin_220_30,test,photo,7,canoe,409
tuberlin_220_30,test,photo,8,fan,429
tuberlin_220_30,test,photo,9,teacup,911
tuberlin_220_30,test,photo,10,penguin,567
tuberlin_220_30,test,photo,11,laptop,437
tuberlin_220_30,test,photo,12,shoe,1134
tuberlin_220_30,test,photo,13,lighter,1154
tuberlin_220_30,test,photo,14,hot air balloon,1264
tuberlin_220_30,test,photo,15,pizza,647
tuberlin_220_30,test,photo,16,brain,1297
tuberlin_220_30,test,photo,17,ant,424
tuberlin_220_30,test,photo,18,t-shirt,1111
tuberlin_220_30,test,photo,19,trombone,401
tuberlin_220_30,test,photo,20,windmill,2922
tuberlin_220_30,test,photo,21,snowboard,1063
tuberlin_220_30,test,photo,22,table,436
tuberlin_220_30,test,photo,23,rollerblades,1135
tuberlin_220_30,test,photo,24,parachute,952
tuberlin_220_30,test,photo,25,space shuttle,836
tuberlin_220_30,test,photo,26,bridge,1005
tuberlin_220_30,test,photo,27,frying-pan,952
tuberlin_220_30,test,photo,28,bread,1273
tuberlin_220_30,test,photo,29,horse,504
quickdraw_80_30,train,sketch,0,teapot,2951
quickdraw_80_30,train,sketch,1,bee,2951
quickdraw_80_30,train,sketch,2,swan,2951
quickdraw_80_30,train,sketch,3,bandage,2951
quickdraw_80_30,train,sketch,4,sink,2951
quickdraw_80_30,train,sketch,5,parrot,2951
quickdraw_80_30,train,sketch,6,map,2951
quickdraw_80_30,train,sketch,7,monkey,2951
quickdraw_80_30,train,sketch,8,bicycle,2951
quickdraw_80_30,train,sketch,9,shoe,2951
quickdraw_80_30,train,sketch,10,eyeglasses,2951
quickdraw_80_30,train,sketch,11,penguin,2951
quickdraw_80_30,train,sketch,12,butterfly,2951
quickdraw_80_30,train,sketch,13,sheep,2951
quickdraw_80_30,train,sketch,14,pickup_truck,2951
quickdraw_80_30,train,sketch,15,car,2951
quickdraw_80_30,train,sketch,16,crab,2951
quickdraw_80_30,train,sketch,17,rifle,2951
quickdraw_80_30,train,sketch,18,mushroom,2951
quickdraw_80_30,train,sketch,19,ant,2951
quickdraw_80_30,train,sketch,20,alarm_clock,2951
quickdraw_80_30,train,sketch,21,hammer,2951
quickdraw_80_30,train,sketch,22,spoon,2951
quickdraw_80_30,train,sketch,23,mountain,2951
quickdraw_80_30,train,sketch,24,umbrella,2951
quickdraw_80_30,train,sketch,25,pizza,2951
quickdraw_80_30,train,sketch,26,fish,2951
quickdraw_80_30,train,sketch,27,spider,2951
quickdraw_80_30,train,sketch,28,candle,2951
quickdraw_80_30,train,sketch,29,cat,2951
quickdraw_80_30,train,sketch,30,axe,2951
quickdraw_80_30,train,sketch,31,couch,2951
quickdraw_80_30,train,sketch,32,lion,2951
quickdraw_80_30,train,sketch,33,cup,2951
quickdraw_80_30,train,sketch,34,elephant,2951
quickdraw_80_30,train,sketch,35,hedgehog,2951
quickdraw_80_30,train,sketch,36,teddy_bear,2951
quickdraw_80_30,train,sketch,37,rabbit,2951
quickdraw_80_30,train,sketch,38,horse,2951
quickdraw_80_30,train,sketch,39,hot-air_balloon,2951
quickdraw_80_30,train,sketch,40,dog,2951
quickdraw_80_30,train,sketch,41,pineapple,2951
quickdraw_80_30,train,sketch,42,cruise ship,2951
quickdraw_80_30,train,sketch,43,lighthouse,2951
quickdraw_80_30,train,sketch,44,saxophone,2951
quickdraw_80_30,train,sketch,45,bear,2951
quickdraw_80_30,train,sketch,46,chair,2951
quickdraw_80_30,train,sketch,47,owl,2951
quickdraw_80_30,train,sketch,48,hurricane,2951
quickdraw_80_30,train,sketch,49,church,2951
quickdraw_80_30,train,sketch,50,violin,2951
quickdraw_80_30,train,sketch,51,wine bottle,2951
quickdraw_80_30,train,sketch,52,scorpion,2951
quickdraw_80_30,train,sketch,53,camel,2951
quickdraw_80_30,train,sketch,54,eiffel tower,2951
quickdraw_80_30,train,sketch,55,pig,2951
quickdraw_80_30,train,sketch,56,flower,2951
quickdraw_80_30,train,sketch,57,sailboat,2951
quickdraw_80_30,train,sketch,58,moon,2951
quickdraw_80_30,train,sketch,59,castle,2951
quickdraw_80_30,train,sketch,60,skateboard,2951
quickdraw_80_30,train,sketch,61,soccer ball,2951
quickdraw_80_30,train,sketch,62,duck,2951
quickdraw_80_30,train,sketch,63,snake,2951
quickdraw_80_30,train,sketch,64,kangaroo,2951
quickdraw_80_30,train,sketch,65,train,2951
quickdraw_80_30,train,sketch,66,guitar,2951
quickdraw_80_30,train,sketch,67,bench,2951
quickdraw_80_30,train,sketch,68,squirrel,2951
quickdraw_80_30,train,sketch,69,crocodilian,2951
quickdraw_80_30,train,sketch,70,apple,2951
quickdraw_80_30,train,sketch,71,bus,2951
quickdraw_80_30,train,sketch,72,chandelier,2951
quickdraw_80_30,train,sketch,73,motorcycle,2951
quickdraw_80_30,train,sketch,74,hat,2951
quickdraw_80_30,train,sketch,75,knife,2951
quickdraw_80_30,train,sketch,76,airplane,2951
quickdraw_80_30,train,sketch,77,snail,2951
quickdraw_80_30,train,sketch,78,lobster,2951
quickdraw_80_30,train,sketch,79,sea_turtle,2951
quickdraw_80_30,train,photo,0,teapot,1408
quickdraw_80_30,train,photo,1,bee,1543
quickdraw_80_30,train,photo,2,swan,1673
quickdraw_80_30,train,photo,3,bandage,1324
quickdraw_80_30,train,photo,4,sink,1633
quickdraw_80_30,train,photo,5,parrot,1810
quickdraw_80_30,train,photo,6,map,2000
quickdraw_80_30,train,photo,7,monkey,2113
quickdraw_80_30,train,photo,8,bicycle,1923
quickdraw_80_30,train,photo,9,shoe,2000
quickdraw_80_30,train,photo,10,eyeglasses,2000
quickdraw_80_30,train,photo,11,penguin,3470
quickdraw_80_30,train,photo,12,butterfly,2050
quickdraw_80_30,train,photo,13,sheep,1957
quickdraw_80_30,train,photo,14,pickup_truck,1999
quickdraw_80_30,train,photo,15,car,1989
quickdraw_80_30,train,photo,16,crab,1939
quickdraw_80_30,train,photo,17,rifle,1635
quickdraw_80_30,train,photo,18,mushroom,1783
quickdraw_80_30,train,photo,19,ant,1564
quickdraw_80_30,train,photo,20,alarm_clock,1838
quickdraw_80_30,train,photo,21,hammer,1611
quickdraw_80_30,train,photo,22,spoon,1738
quickdraw_80_30,train,photo,23,mountain,1796
quickdraw_80_30,train,photo,24,umbrella,1871
quickdraw_80_30,train,photo,25,pizza,1444
quickdraw_80_30,train,photo,26,fish,1685
quickdraw_80_30,train,photo,27,spider,2064
quickdraw_80_30,train,photo,28,candle,2000
quickdraw_80_30,train,photo,29,cat,1980
quickdraw_80_30,train,photo,30,axe,2006
quickdraw_80_30,train,photo,31,couch,1868
quickdraw_80_30,train,photo,32,lion,2004
quickdraw_80_30,train,photo,33,cup,1771
quickdraw_80_30,train,photo,34,elephant,1796
quickdraw_80_30,train,photo,35,hedgehog,2131
quickdraw_80_30,train,photo,36,teddy_bear,1807
quickdraw_80_30,train,photo,37,rabbit,2111
quickdraw_80_30,train,photo,38,horse,3063
quickdraw_80_30,train,photo,39,hot-air_balloon,1845
quickdraw_80_30,train,photo,40,dog,2093
quickdraw_80_30,train,photo,41,pineapple,1530
quickdraw_80_30,train,photo,42,cruise ship,1780
quickdraw_80_30,train,photo,43,lighthouse,1447
quickdraw_80_30,train,photo,44,saxophone,1804
quickdraw_80_30,train,photo,45,bear,2546
quickdraw_80_30,train,photo,46,chair,1766
quickdraw_80_30,train,photo,47,owl,1773
quickdraw_80_30,train,photo,48,hurricane,1924
quickdraw_80_30,train,photo,49,church,1691
quickdraw_80_30,train,photo,50,violin,1825
quickdraw_80_30,train,photo,51,wine bottle,1761
quickdraw_80_30,train,photo,52,scorpion,1553
quickdraw_80_30,train,photo,53,camel,1626
quickdraw_80_30,train,photo,54,eiffel tower,1848
quickdraw_80_30,train,photo,55,pig,1694
quickdraw_80_30,train,photo,56,flower,2496
quickdraw_80_30,train,photo,57,sailboat,1663
quickdraw_80_30,train,photo,58,moon,1775
quickdraw_80_30,train,photo,59,castle,1921
quickdraw_80_30,train,photo,60,skateboard,1646
quickdraw_80_30,train,photo,61,soccer ball,1806
quickdraw_80_30,train,photo,62,duck,1743
quickdraw_80_30,train,photo,63,snake,2345
quickdraw_80_30,train,photo,64,kangaroo,2117
quickdraw_80_30,train,photo,65,train,1639
quickdraw_80_30,train,photo,66,guitar,1848
quickdraw_80_30,train,photo,67,bench,1903
quickdraw_80_30,train,photo,68,squirrel,1687
quickdraw_80_30,train,photo,69,crocodilian,1519
quickdraw_80_30,train,photo,70,apple,1755
quickdraw_80_30,train,photo,71,bus,1594
quickdraw_80_30,train,photo,72,chandelier,1969
quickdraw_80_30,train,photo,73,motorcycle,1858
quickdraw_80_30,train,photo,74,hat,1861
quickdraw_80_30,train,photo,75,knife,1926
quickdraw_80_30,train,photo,76,airplane,2122
quickdraw_80_30,train,photo,77,snail,1521
quickdraw_80_30,train,photo,78,lobster,1637
quickdraw_80_30,train,photo,79,sea_turtle,2174
quickdraw_80_30,test,sketch,0,bat,3001
quickdraw_80_30,test,sketch,1,cow,3001
quickdraw_80_30,test,sketch,2,dolphin,3001
quickdraw_80_30,test,sketch,3,door,3001
quickdraw_80_30,test,sketch,4,giraffe,3001
quickdraw_80_30,test,sketch,5,helicopter,3001
quickdraw_80_30,test,sketch,6,mouse,3001
quickdraw_80_30,test,sketch,7,raccoon,3001
quickdraw_80_30,test,sketch,8,rhinoceros,3001
quickdraw_80_30,test,sketch,9,saw,3001
quickdraw_80_30,test,sketch,10,scissors,3001
quickdraw_80_30,test,sketch,11,skyscraper,3001
quickdraw_80_30,test,sketch,12,tree,3001
quickdraw_80_30,test,sketch,13,windmill,3001
quickdraw_80_30,test,sketch,14,feather,3001
quickdraw_80_30,test,sketch,15,campfire,3001
quickdraw_80_30,test,sketch,16,palm tree,3001
quickdraw_80_30,test,sketch,17,fire_hydrant,3001
quickdraw_80_30,test,sketch,18,bread,3001
quickdraw_80_30,test,sketch,19,beach,3001
quickdraw_80_30,test,sketch,20,megaphone,3001
quickdraw_80_30,test,sketch,21,cactus,3001
quickdraw_80_30,test,sketch,22,zebra,3001
quickdraw_80_30,test,sketch,23,tiger,3001
quickdraw_80_30,test,sketch,24,shark,3001
quickdraw_80_30,test,sketch,25,frog,3001
quickdraw_80_30,test,sketch,26,banana,3001
quickdraw_80_30,test,sketch,27,cake,5262
quickdraw_80_30,test,sketch,28,hamburger,3001
quickdraw_80_30,test,sketch,29,fan,3001
quickdraw_80_30,test,photo,0,bat,1996
quickdraw_80_30,test,photo,1,cow,1576
quickdraw_80_30,test,photo,2,dolphin,1619
quickdraw_80_30,test,photo,3,door,2084
quickdraw_80_30,test,photo,4,giraffe,1735
quickdraw_80_30,test,photo,5,helicopter,1654
quickdraw_80_30,test,photo,6,mouse,2154
quickdraw_80_30,test,photo,7,raccoon,1851
quickdraw_80_30,test,photo,8,rhinoceros,1817
quickdraw_80_30,test,photo,9,saw,1791
quickdraw_80_30,test,photo,10,scissors,1759
quickdraw_80_30,test,photo,11,skyscraper,1925
quickdraw_80_30,test,photo,12,tree,1614
quickdraw_80_30,test,photo,13,windmill,1839
quickdraw_80_30,test,photo,14,feather,1576
quickdraw_80_30,test,photo,15,campfire,1304
quickdraw_80_30,test,photo,16,palm tree,1626
quickdraw_80_30,test,photo,17,fire_hydrant,2000
quickdraw_80_30,test,photo,18,bread,1961
quickdraw_80_30,test,photo,19,beach,1677
quickdraw_80_30,test,photo,20,megaphone,1894
quickdraw_80_30,test,photo,21,cactus,2043
quickdraw_80_30,test,photo,22,zebra,1599
quickdraw_80_30,test,photo,23,tiger,2726
quickdraw_80_30,test,photo,24,shark,1315
quickdraw_80_30,test,photo,25,frog,2118
quickdraw_80_30,test,photo,26,banana,1705
quickdraw_80_30,test,photo,27,cake,1709
quickdraw_80_30,test,photo,28,hamburger,1873
quickdraw_80_30,test,photo,29,fan,1611
